timestamp,avg:boottime,var:boottime,avg:bytes_in,var:bytes_in,avg:bytes_out,var:bytes_out,avg:cpu_aidle,var:cpu_aidle,avg:cpu_idle,var:cpu_idle,avg:cpu_nice,var:cpu_nice,avg:cpu_speed,var:cpu_speed,avg:cpu_steal,var:cpu_steal,avg:cpu_system,var:cpu_system,avg:cpu_user,var:cpu_user,avg:cpu_wio,var:cpu_wio,avg:disk_free,var:disk_free,avg:disk_total,var:disk_total,avg:load_fifteen,var:load_fifteen,avg:load_five,var:load_five,avg:load_one,var:load_one,avg:mem_buffers,var:mem_buffers,avg:mem_cached,var:mem_cached,avg:mem_free,var:mem_free,avg:mem_shared,var:mem_shared,avg:mem_total,var:mem_total,avg:part_max_used,var:part_max_used,avg:pkts_in,var:pkts_in,avg:pkts_out,var:pkts_out,avg:proc_run,var:proc_run,avg:proc_total,var:proc_total,avg:swap_free,var:swap_free,avg:swap_total,var:swap_total,gexec_0,machine_type_0,os_name_0,os_release_0,avg:Agg_Therm_Mgn_1,var:Agg_Therm_Mgn_1,avg:BB_Inlet_Temp,var:BB_Inlet_Temp,avg:BB_Mem_VR_Temp,var:BB_Mem_VR_Temp,avg:BB_P1_VR_Temp,var:BB_P1_VR_Temp,avg:BB__12_0V,var:BB__12_0V,avg:BB__3_0V_VBAT,var:BB__3_0V_VBAT,avg:BMC_Temp,var:BMC_Temp,avg:DIMM_Thrm_Mrgn_1,var:DIMM_Thrm_Mrgn_1,avg:DIMM_Thrm_Mrgn_2,var:DIMM_Thrm_Mrgn_2,avg:Exit_Air_Temp,var:Exit_Air_Temp,avg:HSBP_PSOC_Temp,var:HSBP_PSOC_Temp,avg:HSBP_Temp,var:HSBP_Temp,avg:P1_Therm_Ctrl_%,var:P1_Therm_Ctrl_%,avg:P1_Therm_Margin,var:P1_Therm_Margin,avg:PS1_Curr_Out_%,var:PS1_Curr_Out_%,avg:PS1_Input_Power,var:PS1_Input_Power,avg:PS1_Temperature,var:PS1_Temperature,avg:PS2_Curr_Out_%,var:PS2_Curr_Out_%,avg:PS2_Input_Power,var:PS2_Input_Power,avg:PS2_Temperature,var:PS2_Temperature,avg:Riser_1_Temp,var:Riser_1_Temp,avg:Riser_2_Temp,var:Riser_2_Temp,avg:SSB_Temp,var:SSB_Temp,avg:System_Fan_1a,var:System_Fan_1a,avg:System_Fan_1b,var:System_Fan_1b,avg:System_Fan_2a,var:System_Fan_2a,avg:System_Fan_2b,var:System_Fan_2b,avg:System_Fan_3a,var:System_Fan_3a,avg:System_Fan_3b,var:System_Fan_3b,HDD_0_Status_0,MTT_CPU1_0,NM_Capabilities_0,P1_Status_0,PS1_Status_0,PS2_Status_0
2019-11-09 04:05:00+01:00,1561743007.0,0.0,1985.4008333333334,249115.78419097225,1445.2783333333334,34990.1650972222,77.9,0.0,76.4,0.0,0.0,0.0,1400.0,0.0,0.0,0.0,1.7733333333333334,0.02395555555555557,21.813333333333333,0.012155555555555315,0.0,0.0,79.075,0.0,102.802,0.0,69.90599999999999,0.0032040000000004135,70.00399999999999,0.024504000000001195,70.08800000000001,0.37713599999999964,0.0,0.0,679041.6,32375.04,82091554.66666667,35768.88888888889,0.0,0.0,98705496.0,0.0,83.8,0.0,23.38583333333333,11.807857638888885,14.609166666666663,9.616274305555558,64.55,0.2475,4218.816666666667,0.14972222222222223,16383996.0,0.0,16383996.0,0.0,1.0,1.0,1.0,1.0,13.266666666666667,0.19555555555555557,37.0,0.0,45.0,0.0,50.4,0.24,12.2975,0.0008553599999999676,3.142,1.9721522630525295e-31,44.53333333333333,0.2488888888888889,-52.53333333333333,0.24888888888888897,-52.06666666666667,0.06222222222222223,48.2,0.29333333333333333,40.8,0.16,33.266666666666666,0.19555555555555554,0.0,0.0,-25.8,0.8266666666666667,21.133333333333333,0.5155555555555557,591.0666666666667,378.5955555555555,42.0,0.0,21.4,0.7733333333333332,603.5333333333333,433.44888888888886,47.2,4.96,39.733333333333334,0.19555555555555554,38.0,0.0,53.0,0.0,24428.133333333335,9561.315555555553,24578.4,18183.573333333334,24486.933333333334,17756.728888888887,24578.4,22025.173333333332,24441.2,21512.96,24604.533333333333,28769.315555555553,1.0,1.0,1.0,1.0,1.0,1.0
2019-11-09 04:10:00+01:00,1561743007.0,0.0,1853.6040000000003,204334.49858400002,1396.706,28473.339263999966,77.9,0.0,76.28166666666667,0.015830555555556708,0.0,0.0,1400.0,0.0,0.0,0.0,1.8883333333333334,0.007030555555555555,21.781666666666666,0.009497222222222112,0.0,0.0,79.07439999999998,2.4000000000229194e-07,102.80199999999999,2.0194839173657902e-28,69.95983333333332,0.0006083055555554793,70.05866666666667,0.005284888888888515,70.07666666666665,0.10154888888888841,0.0,0.0,679576.8,33480.96,82090991.46666667,7356402.915555555,0.0,0.0,98705496.0,0.0,83.8,0.0,23.146,6.5898239999999975,14.320000000000004,5.645399999999999,64.0,0.0,4216.666666666667,2.7555555555555555,16383996.0,0.0,16383996.0,0.0,1.0,1.0,1.0,1.0,13.0,0.0,37.0,0.0,45.0,0.0,50.0,0.0,12.3047,0.0017366399999999933,3.142000000000001,1.9721522630525295e-31,44.0,0.0,-53.0,0.0,-52.13333333333333,0.11555555555555559,47.8,0.16000000000000006,40.6,0.23999999999999996,33.0,0.0,0.0,0.0,-26.0,0.0,21.266666666666666,0.8622222222222224,596.2,325.8933333333333,42.0,0.0,21.6,0.3733333333333333,606.4666666666667,320.51555555555564,47.46666666666667,3.1822222222222227,39.53333333333333,0.2488888888888889,38.0,0.0,53.0,0.0,24421.6,14341.973333333333,24624.133333333335,14683.448888888894,24513.066666666666,20317.795555555556,24584.933333333334,19037.26222222222,24447.733333333334,19037.262222222227,24584.933333333334,20317.795555555553,1.0,1.0,1.0,1.0,1.0,1.0
2019-11-09 04:15:00+01:00,1561743007.0,0.0,1523.586,1017.4349040000039,1326.9940000000001,3088.4720639999905,77.9,0.0,76.4,0.0,0.0,0.0,1400.0,0.0,0.0,0.0,1.7616666666666667,0.0023638888888888932,21.798333333333332,0.006163888888888846,0.0,0.0,79.075,0.0,102.802,0.0,70.00633333333333,0.0014998888888887992,70.09,0.01714999999999976,70.07133333333334,0.24017488888888602,0.0,0.0,679985.3333333334,14785.422222222223,82088997.33333333,373509.68888888886,0.0,0.0,98705496.0,0.0,83.8,0.0,21.35,0.06,12.518,0.012695999999999853,64.0,0.0,4216.066666666667,4.862222222222223,16383996.0,0.0,16383996.0,0.0,1.0,1.0,1.0,1.0,13.0,0.0,37.0,0.0,45.0,0.0,50.0,0.0,12.308300000000003,0.001166399999999973,3.142000000000001,1.9721522630525295e-31,44.0,0.0,-53.0,0.0,-52.266666666666666,0.19555555555555557,48.0,0.0,40.666666666666664,0.2222222222222223,33.0,0.0,0.0,0.0,-25.866666666666667,0.11555555555555559,21.2,0.5599999999999998,599.1333333333333,304.3822222222222,42.0,0.0,21.533333333333335,0.648888888888889,609.4,448.50666666666666,47.333333333333336,3.4222222222222225,39.333333333333336,0.2222222222222223,38.0,0.0,53.0,0.0,24460.8,21512.96,24565.333333333332,21342.222222222215,24571.866666666665,19805.582222222223,24486.933333333334,10073.52888888889,24428.133333333335,14683.44888888889,24500.0,12805.333333333334,1.0,1.0,1.0,1.0,1.0,1.0
2019-11-09 04:20:00+01:00,1561743007.0,0.0,2268.28,344305.215,2446.274,768846.5341440003,77.9,0.0,76.4,0.0,0.0,0.0,1400.0,0.0,0.0,0.0,1.2133333333333334,0.39048888888888894,22.35333333333333,0.395822222222221,0.0,0.0,79.075,0.0,102.80199999999999,2.0194839173657902e-28,69.923,0.014160999999999764,69.812,0.1132960000000012,69.36899999999999,0.998088999999998,0.0,0.0,681160.5333333333,69254.11555555556,82083897.06666666,22518910.86222222,0.0,0.0,98705496.0,0.0,83.8,0.0,37.618,172.120416,30.508,213.558936,64.26666666666667,0.19555555555555557,4215.4,11.573333333333334,16383996.0,0.0,16383996.0,0.0,1.0,1.0,1.0,1.0,13.0,0.0,37.0,0.0,45.0,0.0,49.6,0.5066666666666667,12.293900000000002,0.0005702399999999684,3.142000000000001,1.9721522630525295e-31,44.0,0.0,-53.0,0.0,-52.333333333333336,0.2222222222222223,47.13333333333333,0.3822222222222223,40.6,0.23999999999999996,33.0,0.0,0.0,0.0,-27.266666666666666,2.595555555555556,20.4,1.1733333333333336,568.3333333333334,817.4222222222223,42.0,0.0,20.533333333333335,1.3155555555555556,580.0666666666667,1007.7955555555557,47.4,4.239999999999999,39.13333333333333,0.11555555555555559,38.0,0.0,52.333333333333336,0.3555555555555556,24486.933333333334,19037.26222222222,24604.533333333333,17244.515555555558,24552.266666666666,24159.395555555555,24578.4,22025.17333333333,24415.066666666666,15195.662222222223,24526.133333333335,28769.315555555553,1.0,1.0,1.0,1.0,1.0,1.0
2019-11-09 04:25:00+01:00,1561743007.0,0.0,2313.368333333334,134547.23343055564,2166.8566666666666,707663.0415555555,77.9,0.0,76.4,0.0,0.0,0.0,1400.0,0.0,0.0,0.0,1.4216666666666666,0.5346972222222223,22.156666666666666,0.5007888888888878,0.0,0.0,79.075,0.0,102.80200000000002,2.0194839173657902e-28,69.44633333333334,0.008169888888888777,68.8005,0.0480647499999993,68.48116666666667,1.0103169722222147,0.0,0.0,681305.0666666667,6637.795555555555,82086784.13333334,2291316.2488888893,0.0,0.0,98705496.0,0.0,83.8,0.0,37.147499999999994,89.32021874999997,25.546666666666663,203.84622222222217,64.01666666666667,0.016388888888888883,4218.566666666667,0.3455555555555556,16383996.0,0.0,16383996.0,0.0,1.0,1.0,1.0,1.0,13.0,0.0,36.93333333333333,0.06222222222222226,44.266666666666666,0.19555555555555554,48.6,0.64,12.315500000000002,0.0011145599999999823,3.142000000000001,1.9721522630525295e-31,43.93333333333333,0.06222222222222226,-53.0,0.0,-52.733333333333334,0.1955555555555555,46.333333333333336,0.22222222222222224,40.46666666666667,0.24888888888888897,33.0,0.0,0.0,0.0,-28.466666666666665,3.1822222222222223,20.333333333333332,1.4222222222222225,566.1333333333333,1223.9822222222224,42.0,0.0,20.533333333333335,1.5822222222222222,576.4,1384.2399999999998,47.333333333333336,4.0888888888888895,39.0,0.0,38.0,0.0,51.266666666666666,0.19555555555555554,24402.0,10244.266666666666,24558.8,25354.559999999994,24598.0,23049.6,24565.333333333332,29025.422222222212,24428.133333333335,8280.782222222224,24565.333333333332,26464.35555555555,1.0,1.0,1.0,1.0,1.0,1.0
2019-11-09 04:30:00+01:00,1561743007.0,0.0,2154.5960000000005,15248.21846400002,1483.082,492.9365759999987,77.9,0.0,76.4,0.0,0.0,0.0,1400.0,0.0,0.0,0.0,1.8366666666666667,0.0059888888888888865,21.781666666666666,0.001497222222222265,0.0,0.0,79.07459999999999,2.4000000000229194e-07,102.802,0.0,69.45366666666669,0.00022988888888886709,69.29166666666667,0.00658722222222149,69.94400000000002,0.10486400000000157,0.0,0.0,681994.1333333333,201315.98222222223,82079811.73333333,29758684.728888888,0.0,0.0,98705496.0,0.0,83.8,0.0,25.775999999999996,7.634304,13.407999999999998,0.0034560000000000567,64.93333333333334,1.6622222222222225,4214.8,2.5600000000000005,16383996.0,0.0,16383996.0,0.0,1.0,1.0,1.0,1.0,13.0,0.0,37.0,0.0,45.0,0.0,50.0,0.0,12.286700000000003,0.001866239999999973,3.142000000000001,1.9721522630525295e-31,44.0,0.0,-53.0,0.0,-52.46666666666667,0.24888888888888897,47.86666666666667,0.11555555555555559,40.53333333333333,0.2488888888888889,33.0,0.0,0.0,0.0,-25.933333333333334,0.06222222222222224,21.133333333333333,0.648888888888889,599.1333333333333,352.78222222222223,42.0,0.0,21.533333333333335,0.7822222222222223,605.7333333333333,394.72888888888895,47.333333333333336,3.688888888888888,39.0,0.0,38.0,0.0,52.93333333333333,0.06222222222222226,24532.666666666668,30305.955555555553,24669.866666666665,15963.982222222221,24506.533333333333,15963.982222222226,24473.866666666665,15963.982222222223,24447.733333333334,11354.062222222223,24598.0,15366.4,1.0,1.0,1.0,1.0,1.0,1.0
2019-11-09 04:35:00+01:00,1561743007.0,0.0,1950.6859999999997,61908.54050400004,1498.1019999999999,6.439776000000158,77.9,0.0,76.4,0.0,0.0,0.0,1400.0,0.0,0.0,0.0,1.7533333333333334,0.03315555555555554,21.856666666666666,0.029122222222222504,0.0,0.0,79.07418333333334,1.4972222222365202e-07,102.802,0.0,69.48900000000002,0.0015390000000000271,69.4995,0.01501475000000004,69.66683333333333,0.16302163888889107,0.0,0.0,682630.8666666667,5625.648888888888,82082261.33333333,825827.5555555555,0.0,0.0,98705496.0,0.0,83.8,0.0,24.33,0.43740000000000084,15.021999999999998,1.8414959999999994,64.68333333333334,0.21638888888888885,4217.733333333334,0.19555555555555554,16383996.0,0.0,16383996.0,0.0,1.0,1.0,1.0,1.0,13.0,0.0,37.0,0.0,45.0,0.0,50.0,0.0,12.311900000000003,0.00018144000000000187,3.142000000000001,1.9721522630525295e-31,44.0,0.0,-53.0,0.0,-52.333333333333336,0.2222222222222223,47.666666666666664,0.22222222222222224,40.6,0.23999999999999996,33.0,0.0,0.0,0.0,-26.2,0.16000000000000006,21.0,0.6666666666666666,584.4666666666667,401.1822222222222,42.0,0.0,21.333333333333332,1.0222222222222221,598.4,593.7066666666666,47.46666666666667,3.715555555555556,39.06666666666667,0.06222222222222226,38.0,0.0,52.733333333333334,0.19555555555555554,24447.733333333334,15195.662222222223,24709.066666666666,20317.795555555556,24513.066666666666,24159.395555555555,24656.8,40720.96000000001,24415.066666666666,3670.862222222221,24598.0,30732.8,1.0,1.0,1.0,1.0,1.0,1.0
2019-11-09 04:40:00+01:00,1561743007.0,0.0,1558.565,25505.55087500001,1329.3191666666667,19851.787107638876,77.9,0.0,76.31166666666667,0.0070305555555558044,0.0,0.0,1400.0,0.0,0.0,0.0,1.8983333333333334,0.005830555555555553,21.79,0.006899999999999963,0.0,0.0,79.07441666666666,2.430555555578767e-07,102.80200000000002,2.0194839173657902e-28,69.562,0.0006659999999998969,69.6415,0.007092749999999587,69.657,0.0822510000000008,0.0,0.0,683005.9333333333,16506.395555555555,82084238.26666667,2431227.928888889,0.0,0.0,98705496.0,0.0,83.8,0.0,21.95333333333333,6.076388888888889,13.767499999999997,3.986718749999998,64.25,0.1875,4215.6,5.173333333333333,16383996.0,0.0,16383996.0,0.0,1.0,1.0,1.0,1.0,13.0,0.0,37.0,0.0,45.0,0.0,50.0,0.0,12.304700000000002,0.000959039999999974,3.142000000000001,1.9721522630525295e-31,44.0,0.0,-53.0,0.0,-52.266666666666666,0.1955555555555555,47.93333333333333,0.06222222222222226,40.666666666666664,0.2222222222222223,33.0,0.0,0.0,0.0,-25.866666666666667,0.11555555555555559,21.333333333333332,0.7555555555555554,596.2,471.09333333333325,42.0,0.0,21.466666666666665,0.648888888888889,607.2,454.96,47.266666666666666,4.4622222222222225,39.06666666666667,0.06222222222222223,38.0,0.0,52.93333333333333,0.06222222222222226,24428.133333333335,8280.782222222224,24630.666666666668,27744.88888888889,24513.066666666666,15195.66222222222,24545.733333333334,33123.128888888896,24408.533333333333,8280.782222222224,24552.266666666666,20317.795555555553,1.0,1.0,1.0,1.0,1.0,1.0
2019-11-09 04:45:00+01:00,1561743007.0,0.0,817.74,262181.5875,602.7450000000001,263607.267875,77.9,0.0,76.39833333333333,0.00016388888888891687,0.0,0.0,1400.0,0.0,0.0,0.0,1.69,0.0749,21.903333333333332,0.05998888888888871,0.0,0.0,79.07438333333334,2.3638888889114632e-07,102.80200000000002,2.0194839173657902e-28,69.5755,0.002994750000000082,69.63049999999998,0.01872475000000094,69.6215,0.15434275000000136,0.0,0.0,683695.3333333334,90700.35555555555,82081141.06666666,267818.5955555556,0.0,0.0,98705496.0,0.0,83.8,0.0,11.965833333333334,44.62560763888889,6.491666666666666,22.30676388888889,64.01666666666667,0.016388888888888887,4219.25,0.22083333333333333,16383996.0,0.0,16383996.0,0.0,1.0,1.0,1.0,1.0,13.0,0.0,37.0,0.0,45.0,0.0,50.0,0.0,12.297500000000003,0.0008553599999999676,3.142000000000001,1.9721522630525295e-31,44.0,0.0,-53.0,0.0,-52.13333333333333,0.11555555555555559,48.0,0.0,40.46666666666667,0.24888888888888897,33.0,0.0,0.0,0.0,-25.933333333333334,0.06222222222222224,21.2,0.6933333333333331,602.8,212.95999999999998,42.0,0.0,21.6,0.5066666666666668,611.6,351.7066666666666,47.4,4.24,39.46666666666667,0.24888888888888897,38.0,0.0,53.0,0.0,24382.4,5378.239999999999,24565.333333333332,27744.88888888888,24539.2,18951.893333333326,24604.533333333333,32610.91555555556,24486.933333333334,24159.39555555556,24617.6,34830.506666666675,1.0,1.0,1.0,1.0,1.0,1.0
2019-11-09 04:50:00+01:00,1561743007.0,0.0,1481.0675,858132.77571875,1682.115,1635758.3978749998,77.9,0.0,76.4,0.0,0.0,0.0,1400.0,0.0,0.0,0.0,1.6433333333333333,0.20412222222222223,21.935,0.1692749999999994,0.0,0.0,79.07403333333333,3.988888888926981e-07,102.80200000000002,2.0194839173657902e-28,69.5695,0.0004147500000000044,69.54599999999999,0.0034739999999998713,69.2665,0.12613274999999907,0.0,0.0,684215.4,8904.44,82077500.4,19218851.04,0.0,0.0,98705496.0,0.0,83.8,0.0,27.29083333333333,314.12560763888894,24.5325,346.73646875000003,64.0,0.0,4217.016666666666,3.3830555555555555,16383996.0,0.0,16383996.0,0.0,1.0,1.0,1.0,1.0,13.0,0.0,37.0,0.0,45.0,0.0,50.0,0.0,12.301100000000003,0.000725759999999974,3.142000000000001,1.9721522630525295e-31,44.0,0.0,-53.0,0.0,-52.4,0.23999999999999996,47.4,0.23999999999999996,40.53333333333333,0.24888888888888897,33.0,0.0,0.0,0.0,-26.333333333333332,0.3555555555555554,21.0,0.8,591.8,438.82666666666665,42.0,0.0,21.4,0.5066666666666667,603.5333333333333,433.448888888889,47.333333333333336,3.688888888888889,39.0,0.0,38.0,0.0,52.8,0.16000000000000006,24473.866666666665,12122.382222222224,24565.333333333332,16220.08888888889,24591.466666666667,14683.44888888889,24591.466666666667,27488.782222222228,24441.2,13829.760000000002,24598.0,26891.2,1.0,1.0,1.0,1.0,1.0,1.0
2019-11-09 04:55:00+01:00,1561743007.0,0.0,1424.9891666666663,502789.72744097223,1316.56,1494503.136,77.9,0.0,76.4,0.0,0.0,0.0,1400.0,0.0,0.0,0.0,1.8283333333333334,0.00203055555555555,21.8,0.0,0.0,0.0,79.07299999999998,2.0194839173657902e-28,102.80200000000002,2.0194839173657902e-28,69.5915,0.0025027499999996277,69.5975,0.027468749999998945,69.47699999999999,0.3956609999999966,0.0,0.0,684488.3333333334,4622.555555555555,82078251.73333333,1274068.1955555556,0.0,0.0,98705496.0,0.0,83.8,0.0,19.899166666666666,357.46727430555563,19.048333333333332,321.68509722222234,64.58333333333333,0.24305555555555552,4216.733333333334,3.4622222222222216,16383996.0,0.0,16383996.0,0.0,1.0,1.0,1.0,1.0,13.0,0.0,37.0,0.0,45.0,0.0,50.0,0.0,12.308300000000003,0.0011663999999999735,3.142000000000001,1.9721522630525295e-31,44.0,0.0,-53.0,0.0,-52.266666666666666,0.1955555555555555,47.86666666666667,0.11555555555555559,40.6,0.23999999999999996,33.0,0.0,0.0,0.0,-26.0,0.0,21.0,0.6666666666666666,588.8666666666667,320.51555555555547,42.0,0.0,21.266666666666666,0.3288888888888889,599.8666666666667,175.31555555555556,47.4,4.1066666666666665,39.06666666666667,0.06222222222222223,38.0,0.0,53.0,0.0,24460.8,13829.760000000002,24552.266666666666,28000.995555555553,24552.266666666666,36964.7288888889,24558.8,17671.36,24421.6,10500.373333333331,24571.866666666665,22366.648888888896,1.0,1.0,1.0,1.0,1.0,1.0
2019-11-09 05:00:00+01:00,1561743007.0,0.0,480.73833333333346,85003.89343055554,225.3825,2400.993218750001,77.9,0.0,76.4,0.0,0.0,0.0,1400.0,0.0,0.0,0.0,1.8233333333333333,0.015455555555555561,21.778333333333332,0.015363888888888615,0.0,0.0,79.07398333333335,1.6388888889045394e-08,102.80200000000002,2.0194839173657902e-28,69.57199999999999,0.001386000000000122,69.5505,0.012844749999999691,69.62650000000002,0.2183927499999995,0.0,0.0,684868.8,37845.76,82078077.6,373959.04,0.0,0.0,98705496.0,0.0,83.8,0.0,3.5991666666666666,0.07352430555555552,2.945,0.6378750000000001,64.48333333333333,0.24972222222222218,4216.066666666667,3.995555555555555,16383996.0,0.0,16383996.0,0.0,1.0,1.0,1.0,1.0,13.0,0.0,37.0,0.0,45.13333333333333,0.11555555555555558,50.2,0.16,12.304700000000002,0.0009590399999999739,3.142000000000001,1.9721522630525295e-31,44.266666666666666,0.19555555555555554,-52.666666666666664,0.22222222222222224,-52.46666666666667,0.24888888888888897,47.6,0.23999999999999996,40.53333333333333,0.2488888888888889,33.0,0.0,0.0,0.0,-25.733333333333334,0.7288888888888889,21.0,0.5333333333333333,591.0666666666667,314.06222222222226,42.0,0.0,21.266666666666666,0.46222222222222237,599.1333333333333,255.98222222222225,47.4,3.3066666666666666,39.13333333333333,0.11555555555555559,38.0,0.0,53.4,0.5066666666666667,24382.4,6658.7733333333335,24571.866666666665,18525.048888888894,24578.4,20744.639999999996,24526.133333333335,31330.382222222226,24493.466666666667,14683.448888888886,16411.733333333334,134682483.66222224,1.0,1.0,1.0,1.0,1.0,1.0
2019-11-09 05:05:00+01:00,1561743007.0,0.0,521.5458333333333,58923.52494097223,421.165,40186.762875,77.9,0.0,76.4,0.0,0.0,0.0,1400.0,0.0,0.0,0.0,1.7183333333333333,0.0014972222222222249,21.851666666666667,0.0024972222222221156,0.0,0.0,79.074,0.0,102.802,0.0,69.61699999999999,2.1000000000021486e-05,69.69616666666667,0.0005036388888890074,69.92683333333333,0.20902163888889025,0.0,0.0,685376.8,15989.76,82076617.06666666,59582.862222222226,0.0,0.0,98705496.0,0.0,83.8,0.0,7.739166666666667,13.63544097222222,5.869166666666667,9.252857638888885,64.98333333333333,0.016388888888888887,4218.0,0.0,16383996.0,0.0,16383996.0,0.0,1.0,1.0,1.0,1.0,13.133333333333333,0.11555555555555559,37.0,0.0,46.0,0.0,52.0,0.0,12.315500000000004,0.0003369600000000034,3.142000000000001,1.9721522630525295e-31,45.6,0.23999999999999996,-52.0,0.0,-52.06666666666667,0.06222222222222226,47.0,0.0,40.0,0.0,33.2,0.16000000000000006,0.0,0.0,-23.133333333333333,0.11555555555555559,20.866666666666667,0.7822222222222223,588.8666666666667,449.5822222222222,42.0,0.0,21.266666666666666,0.46222222222222237,596.9333333333333,330.19555555555564,47.0,3.466666666666667,39.8,0.16000000000000006,38.0,0.0,55.733333333333334,0.1955555555555555,24388.933333333334,3670.862222222221,24682.933333333334,29281.528888888894,24630.666666666668,31586.488888888885,24611.066666666666,34403.662222222214,24473.866666666665,19805.582222222227,0.0,0.0,1.0,1.0,1.0,1.0,1.0,1.0
2019-11-09 05:10:00+01:00,1561743007.0,0.0,554.3541666666666,21216.490190972225,471.56083333333333,10119.958940972223,77.9,0.0,76.31166666666667,0.0070305555555558,0.0,0.0,1400.0,0.0,0.0,0.0,1.915,0.015275000000000004,21.801666666666666,0.005830555555555512,0.0,0.0,79.07341666666666,2.430555555578767e-07,102.80199999999999,2.0194839173657902e-28,69.72016666666667,0.002064972222221985,69.88183333333333,0.01669830555555633,70.007,0.27751100000000334,0.0,0.0,685557.0,1855.8,82076646.8,273787.36,0.0,0.0,98705496.0,0.0,83.8,0.0,8.153333333333334,5.232888888888889,6.5441666666666665,2.5672743055555545,64.08333333333333,0.07638888888888888,4216.933333333333,3.1288888888888886,16383996.0,0.0,16383996.0,0.0,1.0,1.0,1.0,1.0,13.066666666666666,0.06222222222222224,37.0,0.0,46.2,0.16,52.4,0.23999999999999996,12.293900000000002,0.0009590399999999625,3.142000000000001,1.9721522630525295e-31,46.0,0.0,-52.0,0.0,-52.0,0.0,47.0,0.0,40.06666666666667,0.06222222222222224,33.06666666666667,0.06222222222222226,0.0,0.0,-23.0,0.0,20.666666666666668,0.6222222222222221,585.2,309.75999999999993,42.0,0.0,21.066666666666666,0.4622222222222223,596.2,390.4266666666666,47.2,3.36,40.0,0.0,38.0,0.0,56.0,0.0,24447.733333333334,6231.928888888888,24663.333333333332,26464.355555555554,24656.8,22793.493333333332,24565.333333333332,21342.22222222222,24513.066666666666,13915.12888888889,0.0,0.0,1.0,1.0,1.0,1.0,1.0,1.0
2019-11-09 05:15:00+01:00,1561743007.0,0.0,607.3291666666667,22145.62352430556,246.56916666666666,13994.16727430556,77.9,0.0,76.39833333333333,0.00016388888888891687,0.0,0.0,1400.0,0.0,0.0,0.0,1.865,0.009274999999999997,21.738333333333333,0.008363888888888832,0.0,0.0,79.07398333333333,1.6388888889045397e-08,102.802,0.0,69.61816666666665,0.0017716388888891666,69.53183333333332,0.01766830555555471,69.30033333333334,0.5449732222222197,0.0,0.0,685937.8,10873.293333333333,82075091.33333333,171296.6222222222,0.0,0.0,98705496.0,0.0,83.8,0.0,9.93,9.831500000000002,3.4166666666666665,2.2462222222222232,64.53333333333333,0.24888888888888885,4220.083333333333,4.243055555555555,16383996.0,0.0,16383996.0,0.0,1.0,1.0,1.0,1.0,13.0,0.0,37.0,0.0,46.0,0.0,52.0,0.0,12.304700000000002,0.0009590399999999739,3.142000000000001,1.9721522630525295e-31,45.8,0.16000000000000006,-52.0,0.0,-52.333333333333336,0.2222222222222223,47.0,0.0,40.06666666666667,0.06222222222222223,33.0,0.0,0.0,0.0,-23.533333333333335,0.5155555555555557,20.6,0.5066666666666668,585.9333333333333,394.72888888888895,42.0,0.0,20.933333333333334,0.7288888888888888,594.0,371.06666666666666,47.46666666666667,4.115555555555557,39.93333333333333,0.06222222222222226,38.0,0.0,55.6,0.23999999999999996,24447.733333333334,12634.595555555557,24669.866666666665,31330.382222222233,24656.8,17671.36,24558.8,22793.49333333333,24545.733333333334,20317.79555555556,0.0,0.0,1.0,1.0,1.0,1.0,1.0,1.0
2019-11-09 05:20:00+01:00,1561743007.0,0.0,1877.1566666666668,934904.0403888891,1607.2916666666667,1524035.2564305558,77.9,0.0,76.4,0.0,0.0,0.0,1400.0,0.0,0.0,0.0,1.8966666666666667,0.003988888888888888,21.673333333333332,0.006288888888888816,0.0,0.0,79.074,0.0,102.80200000000002,2.0194839173657902e-28,69.58233333333334,0.0008378888888888612,69.50316666666666,0.00738497222222218,69.34766666666667,0.1917612222222236,0.0,0.0,686368.5333333333,40312.24888888889,82076272.8,513100.1600000001,0.0,0.0,98705496.0,0.0,83.8,0.0,28.74416666666667,186.6287743055555,23.628333333333334,329.51343055555554,64.0,0.0,4216.716666666666,2.836388888888889,16383996.0,0.0,16383996.0,0.0,1.0,1.0,1.0,1.0,13.0,0.0,37.0,0.0,46.0,0.0,52.0,0.0,12.293900000000002,0.0005702399999999682,3.142000000000001,1.9721522630525295e-31,46.0,0.0,-52.0,0.0,-52.0,0.0,47.0,0.0,40.0,0.0,33.0,0.0,0.0,0.0,-23.066666666666666,0.06222222222222223,20.933333333333334,0.8622222222222221,588.8666666666667,385.0488888888889,42.0,0.0,21.066666666666666,0.7288888888888887,597.6666666666666,381.82222222222225,47.0,3.8666666666666667,40.0,0.0,38.0,0.0,56.0,0.0,24408.533333333333,10841.84888888889,24598.0,19208.0,24565.333333333332,21342.222222222215,24571.866666666665,22366.648888888896,24571.866666666665,18525.04888888889,0.0,0.0,1.0,1.0,1.0,1.0,1.0,1.0
2019-11-09 05:25:00+01:00,1561743007.0,0.0,1323.9019999999998,1436194.3561160003,1301.4733333333334,1391977.047788889,77.9,0.0,76.4,0.0,0.0,0.0,1400.0,0.0,0.0,0.0,1.83,0.11276666666666667,21.77,0.11276666666666667,0.0,0.0,79.07399999999998,2.0194839173657902e-28,102.80200000000002,2.0194839173657902e-28,69.42233333333334,0.0018312222222221933,69.17166666666668,0.01853722222222188,68.95049999999999,0.5242947499999986,0.0,0.0,686899.8666666667,22041.582222222223,82075578.4,174727.04,0.0,0.0,98705496.0,0.0,83.8,0.0,19.765333333333334,322.14148488888884,18.966666666666665,305.9843222222222,64.98333333333333,0.016388888888888887,4221.933333333333,0.2622222222222222,16383996.0,0.0,16383996.0,0.0,1.0,1.0,1.0,1.0,13.066666666666666,0.06222222222222223,37.0,0.0,46.0,0.0,52.0,0.0,12.311900000000001,0.0009590399999999821,3.142000000000001,1.9721522630525295e-31,46.0,0.0,-52.0,0.0,-52.0,0.0,47.0,0.0,40.0,0.0,33.06666666666667,0.06222222222222226,0.0,0.0,-23.533333333333335,0.3822222222222223,20.466666666666665,0.648888888888889,575.6666666666666,349.5555555555556,42.0,0.0,20.6,0.6400000000000002,582.2666666666667,330.19555555555564,47.266666666666666,3.6622222222222223,40.0,0.0,38.0,0.0,56.0,0.0,24473.866666666665,18525.04888888889,24617.6,16903.04,24604.533333333333,24927.71555555556,24539.2,15110.29333333333,24532.666666666668,20061.68888888889,0.0,0.0,1.0,1.0,1.0,1.0,1.0,1.0
2019-11-09 05:30:00+01:00,1561743007.0,0.0,274.05916666666667,2.473357638888885,248.5925,319.7427187500002,77.9,0.0,76.4,0.0,0.0,0.0,1400.0,0.0,0.0,0.0,1.3466666666666667,0.8738222222222224,22.19333333333333,0.7866222222222209,0.0,0.0,79.07361666666667,2.3638888889114632e-07,102.80200000000002,2.0194839173657902e-28,69.01366666666667,0.031493222222222436,68.30399999999999,0.14728400000000053,67.196,0.4734440000000017,0.0,0.0,687205.6,11353.173333333334,82073470.53333333,5031117.848888889,0.0,0.0,98705496.0,0.0,83.8,0.0,3.9066666666666667,0.01905555555555559,3.0283333333333338,0.29409722222222223,65.11666666666666,0.636388888888889,4218.333333333333,9.755555555555556,16383996.0,0.0,16383996.0,0.0,1.0,1.0,1.0,1.0,13.0,0.0,37.0,0.0,45.53333333333333,0.2488888888888889,50.06666666666667,0.9955555555555556,12.329900000000002,0.0006998400000000068,3.142000000000001,1.9721522630525295e-31,45.2,0.16000000000000006,-52.0,0.0,-52.53333333333333,0.24888888888888897,45.46666666666667,0.38222222222222235,40.0,0.0,33.0,0.0,0.0,0.0,-27.4,1.4400000000000002,19.333333333333332,0.8888888888888887,542.6666666666666,769.0222222222221,42.0,0.0,19.8,0.9600000000000002,553.6666666666666,865.8222222222221,47.4,4.239999999999999,39.46666666666667,0.24888888888888897,38.0,0.0,54.46666666666667,0.5155555555555553,24480.4,22025.17333333333,24656.8,26635.093333333334,24735.2,29196.159999999993,24571.866666666665,15963.982222222221,24552.266666666666,11354.062222222221,0.0,0.0,1.0,1.0,1.0,1.0,1.0,1.0
2019-11-09 05:35:00+01:00,1561743007.0,0.0,737.7166666666667,154437.5715555555,408.69000000000005,21927.531500000005,77.9,0.0,76.4,0.0,0.0,0.0,1400.0,0.0,0.0,0.0,1.7133333333333334,0.0011555555555555575,21.886666666666667,0.0011555555555555063,0.0,0.0,79.07314999999998,1.2750000000121758e-07,102.80199999999999,2.0194839173657902e-28,68.89166666666667,0.0006738888888889642,68.529,0.030059000000001123,69.01783333333334,0.029300305555554764,0.0,0.0,687650.8666666667,7305.115555555557,82074026.26666667,1397.528888888889,0.0,0.0,98705496.0,0.0,83.8,0.0,11.7,44.691500000000005,5.743333333333333,7.1928888888888896,64.3,0.5099999999999999,4216.833333333333,0.9722222222222223,16383996.0,0.0,16383996.0,0.0,1.0,1.0,1.0,1.0,13.0,0.0,37.0,0.0,45.86666666666667,0.11555555555555559,51.8,0.16000000000000006,12.297500000000003,0.002410559999999973,3.142000000000001,1.9721522630525295e-31,45.4,0.23999999999999996,-52.0,0.0,-52.333333333333336,0.2222222222222223,46.8,0.16000000000000006,40.0,0.0,33.0,0.0,0.0,0.0,-23.133333333333333,0.24888888888888897,21.066666666666666,0.8622222222222219,591.0666666666667,265.6622222222222,42.0,0.0,21.266666666666666,0.5955555555555557,602.0666666666667,297.9288888888889,47.333333333333336,3.8222222222222215,39.4,0.23999999999999996,38.0,0.0,55.46666666666667,0.5155555555555554,24421.6,11780.906666666666,24571.866666666665,22366.648888888893,24617.6,16903.039999999997,24532.666666666668,23903.28888888889,24526.133333333335,27488.782222222213,0.0,0.0,1.0,1.0,1.0,1.0,1.0,1.0
2019-11-09 05:40:00+01:00,1561743007.0,0.0,741.393,82499.53006099997,444.25,6137.810900000001,77.9,0.0,76.31666666666666,0.0073888888888891556,0.0,0.0,1400.0,0.0,0.0,0.0,1.8533333333333333,0.002488888888888882,21.83,0.0020999999999999105,0.0,0.0,79.074,0.0,102.80199999999999,2.0194839173657902e-28,68.96866666666666,0.0012715555555555984,68.94533333333334,0.01612488888888979,69.294,0.08464400000000048,0.0,0.0,688190.0,65652.0,82073697.06666666,213259.66222222222,0.0,0.0,98705496.0,0.0,83.8,0.0,11.649333333333335,24.851106222222228,6.355333333333332,2.093704888888889,64.0,0.0,4218.5,6.25,16383996.0,0.0,16383996.0,0.0,1.0,1.0,1.0,1.0,13.0,0.0,37.0,0.0,46.13333333333333,0.11555555555555558,52.13333333333333,0.11555555555555558,12.301100000000003,0.0007257599999999742,3.142000000000001,1.9721522630525295e-31,46.0,0.0,-52.0,0.0,-52.0,0.0,47.0,0.0,40.0,0.0,33.0,0.0,0.0,0.0,-23.066666666666666,0.06222222222222223,20.8,0.693333333333333,589.6,448.50666666666666,42.0,0.0,21.266666666666666,0.5955555555555557,596.9333333333333,410.86222222222233,47.0,3.7333333333333334,40.0,0.0,38.0,0.0,56.0,0.0,24421.6,15622.506666666664,24643.733333333334,26720.462222222228,24624.133333333335,19805.58222222222,24545.733333333334,30562.06222222222,24591.466666666667,35171.98222222222,0.0,0.0,1.0,1.0,1.0,1.0,1.0,1.0
2019-11-09 05:45:00+01:00,1561743007.0,0.0,308.0366666666667,25381.174722222222,271.36000000000007,8331.611600000002,77.9,0.0,76.37166666666667,0.002030555555555902,0.0,0.0,1400.0,0.0,0.0,0.0,1.93,0.051766666666666676,21.691666666666666,0.046097222222222144,0.0,0.0,79.074,0.0,102.80199999999999,2.0194839173657902e-28,69.08533333333332,0.0017848888888889161,69.251,0.008188999999999828,69.574,0.03728400000000052,0.0,0.0,689027.6666666666,14202.822222222223,82072565.33333333,249375.2888888889,0.0,0.0,98705496.0,0.0,83.8,0.0,4.575666666666667,5.634051222222222,3.7923333333333336,1.287717888888889,64.0,0.0,4218.65,0.4275,16383996.0,0.0,16383996.0,0.0,1.0,1.0,1.0,1.0,13.066666666666666,0.06222222222222224,37.0,0.0,46.0,0.0,52.0,0.0,12.301100000000003,0.0018921599999999854,3.142000000000001,1.9721522630525295e-31,46.0,0.0,-52.0,0.0,-52.06666666666667,0.06222222222222225,47.0,0.0,40.06666666666667,0.06222222222222226,33.06666666666667,0.06222222222222226,0.0,0.0,-23.533333333333335,0.3822222222222223,20.666666666666668,0.3555555555555555,585.2,277.49333333333334,42.0,0.0,21.133333333333333,0.648888888888889,594.0,209.73333333333332,47.0,3.8666666666666667,40.0,0.0,38.0,0.0,56.0,0.0,24421.6,4097.706666666667,24617.6,32269.44,24735.2,40720.96000000001,24545.733333333334,12634.595555555557,24526.133333333335,24927.715555555555,0.0,0.0,1.0,1.0,1.0,1.0,1.0,1.0
2019-11-09 05:50:00+01:00,1561743007.0,0.0,1233.3166666666668,866691.6949888889,1526.3063333333334,1362400.8905765559,77.9,0.0,76.39166666666667,0.0007638888888890194,0.0,0.0,1400.0,0.0,0.0,0.0,1.855,0.007474999999999997,21.783333333333335,0.0030555555555555327,0.0,0.0,79.074,0.0,102.80200000000002,2.0194839173657902e-28,69.05300000000001,0.002247666666666698,69.05266666666667,0.021399555555555266,68.84200000000001,0.14644266666666841,0.0,0.0,689438.0,30796.0,82071419.33333333,148090.22222222222,0.0,0.0,98705496.0,0.0,83.8,0.0,23.325,331.638125,22.89966666666667,308.9385765555557,64.65,0.2275,4217.383333333333,20.33638888888888,16383996.0,0.0,16383996.0,0.0,1.0,1.0,1.0,1.0,13.266666666666667,0.19555555555555557,37.0,0.0,46.0,0.0,52.0,0.0,12.308300000000003,0.0007775999999999821,3.142000000000001,1.9721522630525295e-31,46.0,0.0,-52.0,0.0,-52.0,0.0,47.0,0.0,40.0,0.0,33.333333333333336,0.22222222222222224,0.0,0.0,-23.0,0.0,20.866666666666667,0.648888888888889,591.8,309.7599999999999,42.0,0.0,21.266666666666666,0.728888888888889,598.4,351.7066666666666,47.4,4.106666666666666,40.0,0.0,38.0,0.0,56.0,0.0,24467.333333333332,11097.955555555556,24696.0,7683.2,24663.333333333332,18781.155555555553,24565.333333333332,25183.822222222218,24565.333333333332,20061.68888888889,0.0,0.0,1.0,1.0,1.0,1.0,1.0,1.0
2019-11-09 05:55:00+01:00,1561743007.0,0.0,3723.62,2148553.1599999997,3617.851333333334,876889.1232515548,77.9,0.0,76.37333333333333,0.009955555555555839,0.0,0.0,1400.0,0.0,0.0,0.0,1.9033333333333333,0.0849888888888889,21.716666666666665,0.077388888888889,0.0,0.0,79.07400000000001,2.0194839173657902e-28,102.802,0.0,68.965,0.002404999999999785,68.85566666666666,0.02213788888888898,68.78333333333333,0.4634888888888927,0.0,0.0,689859.0666666667,46679.128888888896,82070445.33333333,39288.88888888889,0.0,0.0,98705496.0,0.0,83.8,0.0,32.23466666666667,37.63492488888888,33.16433333333334,19.93422455555556,64.46666666666667,0.2488888888888889,4218.3,0.21,16383996.0,0.0,16383996.0,0.0,1.0,1.0,1.0,1.0,13.2,0.16000000000000003,37.0,0.0,46.0,0.0,52.0,0.0,12.304700000000002,0.0013478399999999656,3.142000000000001,1.9721522630525295e-31,46.0,0.0,-52.0,0.0,-52.0,0.0,47.06666666666667,0.06222222222222226,40.13333333333333,0.11555555555555559,33.266666666666666,0.1955555555555555,0.0,0.0,-23.6,0.5066666666666668,20.666666666666668,0.7555555555555554,583.0,548.5333333333333,42.0,0.0,20.866666666666667,0.9155555555555556,589.6,722.7733333333332,47.06666666666667,4.062222222222222,40.0,0.0,38.0,0.0,55.86666666666667,0.11555555555555558,24447.733333333334,13915.12888888889,24722.133333333335,22366.648888888893,24682.933333333334,29281.528888888894,24558.8,13829.760000000002,24454.266666666666,8792.995555555557,0.0,0.0,1.0,1.0,1.0,1.0,1.0,1.0
2019-11-09 06:00:00+01:00,1561743007.0,0.0,1644.3453333333334,3635149.060078222,1226.4959999999999,3149470.624683999,77.9,0.0,76.24333333333334,0.02545555555555628,0.0,0.0,1400.0,0.0,0.0,0.0,1.9266666666666667,0.00762222222222222,21.801666666666666,0.013830555555555618,0.0,0.0,79.07303333333333,3.222222222252993e-08,102.80200000000002,2.0194839173657902e-28,69.32666666666667,0.013642222222221723,69.81466666666667,0.09416488888888891,70.725,1.9184249999999983,0.0,0.0,691335.4666666667,285653.0488888889,82064017.06666666,6997545.528888889,0.0,0.0,98705496.0,0.0,83.8,0.0,14.223333333333331,106.92948888888891,9.978666666666667,117.23061155555558,64.73333333333333,0.19555555555555557,4217.166666666667,3.805555555555555,16383996.0,0.0,16383996.0,0.0,1.0,1.0,1.0,1.0,13.133333333333333,0.11555555555555558,37.0,0.0,46.0,0.0,52.0,0.0,12.301100000000003,0.0003369599999999813,3.142000000000001,1.9721522630525295e-31,46.0,0.0,-52.0,0.0,-52.0,0.0,47.0,0.0,40.13333333333333,0.11555555555555559,33.2,0.16000000000000006,0.0,0.0,-23.0,0.0,20.8,0.6933333333333332,583.7333333333333,346.3288888888889,42.0,0.0,21.133333333333333,0.648888888888889,595.4666666666667,255.9822222222222,47.06666666666667,3.9288888888888875,40.0,0.0,38.0,0.0,56.0,0.0,24402.0,10244.266666666666,24624.133333333335,18525.048888888894,24669.866666666665,23647.18222222222,24467.333333333332,13659.022222222222,24467.333333333332,5975.822222222222,0.0,0.0,1.0,1.0,1.0,1.0,1.0,1.0
2019-11-09 06:05:00+01:00,1561743007.0,0.0,172.6906666666667,11251.820232888891,176.3636666666667,6815.052516555558,77.9,0.0,76.375,0.0018750000000003198,0.0,0.0,1400.0,0.0,0.0,0.0,1.8083333333333333,0.006763888888888886,21.786666666666665,0.0011555555555555882,0.0,0.0,79.073,0.0,102.802,0.0,69.37033333333333,0.0009698888888888331,69.57366666666667,0.022979888888889407,69.3075,0.056708750000002014,0.0,0.0,692192.2666666667,14340.195555555556,82062292.8,1027185.4933333332,0.0,0.0,98705496.0,0.0,83.8,0.0,2.524,2.7161640000000005,2.9063333333333334,2.513596555555556,64.45,0.2475,4218.5,1.25,16383996.0,0.0,16383996.0,0.0,1.0,1.0,1.0,1.0,13.333333333333334,0.22222222222222218,37.0,0.0,46.4,0.23999999999999996,52.6,0.23999999999999996,12.311900000000001,0.0013478399999999724,3.142000000000001,1.9721522630525295e-31,46.0,0.0,-52.0,0.0,-52.0,0.0,47.06666666666667,0.06222222222222226,40.2,0.16,33.333333333333336,0.2222222222222223,0.0,0.0,-23.066666666666666,0.06222222222222224,21.2,0.8266666666666665,597.6666666666666,543.1555555555556,42.0,0.0,21.4,0.5066666666666667,600.6,319.43999999999994,47.333333333333336,3.555555555555556,40.0,0.0,38.0,0.0,56.0,0.0,24454.266666666666,12634.595555555557,24617.6,16903.04,24617.6,16903.039999999997,24539.2,30476.693333333325,24506.533333333333,17244.515555555558,0.0,0.0,1.0,1.0,1.0,1.0,1.0,1.0
2019-11-09 06:10:00+01:00,1561743007.0,0.0,452.29133333333334,33947.144444888894,408.56600000000003,26432.755844,77.9,0.0,76.39666666666666,0.0003222222222222772,0.0,0.0,1400.0,0.0,0.0,0.0,1.83,0.015766666666666675,21.773333333333333,0.015622222222221947,0.0,0.0,79.07243333333332,2.455555555509215e-07,102.80199999999999,2.0194839173657902e-28,69.30583333333334,0.0036209722222222324,69.30733333333333,0.02988622222222095,69.23966666666666,0.31521988888888897,0.0,0.0,692493.8666666667,26332.515555555554,82061094.4,858288.6400000001,0.0,0.0,98705496.0,0.0,83.8,0.0,6.695666666666668,6.948297888888889,6.236666666666667,2.6844888888888896,64.36666666666666,0.2322222222222222,4218.033333333334,7.565555555555555,16383996.0,0.0,16383996.0,0.0,1.0,1.0,1.0,1.0,13.066666666666666,0.06222222222222224,37.0,0.0,46.13333333333333,0.11555555555555559,52.06666666666667,0.06222222222222226,12.308300000000003,0.0007775999999999821,3.142000000000001,1.9721522630525295e-31,46.0,0.0,-52.0,0.0,-52.0,0.0,47.06666666666667,0.06222222222222226,40.06666666666667,0.06222222222222226,33.06666666666667,0.06222222222222226,0.0,0.0,-23.6,0.5066666666666667,20.533333333333335,0.648888888888889,584.4666666666667,433.44888888888886,42.0,0.0,21.066666666666666,0.7288888888888886,590.3333333333334,430.22222222222223,47.2,3.3600000000000008,40.0,0.0,38.0,0.0,56.0,0.0,24402.0,10244.266666666666,24611.066666666666,38245.26222222223,24624.133333333335,26208.248888888895,24454.266666666666,8792.995555555557,24486.933333333334,13915.12888888889,0.0,0.0,1.0,1.0,1.0,1.0,1.0,1.0
2019-11-09 06:15:00+01:00,1561743007.0,0.0,784.3576666666668,13965.32261788888,456.4076666666666,47500.62661788889,77.9,0.0,76.4,0.0,0.0,0.0,1400.0,0.0,0.0,0.0,1.865,0.025275000000000013,21.735,0.025274999999999923,0.0,0.0,79.07333333333334,2.888888888903845e-07,102.802,0.0,69.204,0.00010400000000000788,69.08833333333334,0.00288722222222228,69.08466666666668,0.10013155555555464,0.0,0.0,692899.7333333333,7033.528888888888,82061260.26666667,452295.39555555553,0.0,0.0,98705496.0,0.0,83.8,0.0,12.264666666666665,7.651164888888888,6.083666666666667,9.187663222222223,64.83333333333333,0.13888888888888887,4214.666666666667,2.222222222222222,16383996.0,0.0,16383996.0,0.0,1.0,1.0,1.0,1.0,13.0,0.0,37.0,0.0,46.0,0.0,52.0,0.0,12.311900000000001,0.0009590399999999823,3.142000000000001,1.9721522630525295e-31,46.0,0.0,-52.0,0.0,-52.0,0.0,47.0,0.0,40.06666666666667,0.06222222222222226,33.0,0.0,0.0,0.0,-23.066666666666666,0.06222222222222223,20.6,0.3733333333333333,586.6666666666666,478.6222222222222,42.0,0.0,21.2,0.5599999999999998,596.2,390.42666666666656,46.86666666666667,3.5822222222222218,40.0,0.0,38.0,0.0,56.0,0.0,24473.866666666665,12122.382222222226,24611.066666666666,22878.86222222222,24696.0,30732.8,24604.533333333333,17244.515555555554,24552.266666666666,24159.395555555555,0.0,0.0,1.0,1.0,1.0,1.0,1.0,1.0
2019-11-09 06:20:00+01:00,1561743007.0,0.0,1028.5389999999998,13641.480369000003,331.47933333333333,45056.3663928889,77.9,0.0,76.31333333333333,0.00715555555555581,0.0,0.0,1400.0,0.0,0.0,0.0,1.6633333333333333,0.35098888888888874,22.023333333333333,0.29578888888888977,0.0,0.0,79.07325,1.8750000000179055e-07,102.80199999999999,2.0194839173657902e-28,69.191,0.0007889999999998608,69.11600000000001,0.007504000000000226,69.12299999999999,0.2023410000000016,0.0,0.0,693247.6,34785.44000000001,82060662.93333334,7624408.46222222,0.0,0.0,98705496.0,0.0,83.8,0.0,16.989,2.0484090000000013,4.388,9.042175999999998,64.96666666666667,0.4988888888888889,4214.9,5.29,16383996.0,0.0,16383996.0,0.0,1.0,1.0,1.0,1.0,13.2,0.16000000000000006,37.0,0.0,46.06666666666667,0.06222222222222226,52.0,0.0,12.297500000000003,0.00046655999999997385,3.142000000000001,1.9721522630525295e-31,46.0,0.0,-52.0,0.0,-52.0,0.0,47.0,0.0,40.06666666666667,0.06222222222222226,33.13333333333333,0.11555555555555559,0.0,0.0,-23.533333333333335,0.5155555555555557,20.8,0.6933333333333332,589.6,383.97333333333336,42.0,0.0,21.2,0.6933333333333331,596.9333333333333,346.32888888888897,47.333333333333336,3.555555555555556,40.0,0.0,38.0,0.0,55.8,0.16,24519.6,23305.706666666665,24565.333333333332,26464.35555555555,24604.533333333333,30049.848888888893,24532.666666666668,20061.68888888889,24480.4,18183.57333333334,0.0,0.0,1.0,1.0,1.0,1.0,1.0,1.0
2019-11-09 06:25:00+01:00,1561743007.0,0.0,894.3259999999999,153733.07076400003,514.5465,17081.03672275001,77.9,0.0,76.39666666666666,0.0003222222222222772,0.0,0.0,1400.0,0.0,0.0,0.0,1.7883333333333333,0.011030555555555552,21.785,0.010941666666666653,0.0,0.0,79.073,0.0,102.802,0.0,69.139,0.0021889999999999653,69.04100000000001,0.014925666666665966,68.92683333333335,0.12554497222221955,0.0,0.0,693587.4,2583.9066666666668,82061291.2,195336.96,0.0,0.0,98705496.0,0.0,83.8,0.0,14.204499999999998,40.42422475,7.4929999999999986,1.332331,64.58333333333333,0.3097222222222223,4218.833333333333,0.13888888888888887,16383996.0,0.0,16383996.0,0.0,1.0,1.0,1.0,1.0,13.066666666666666,0.06222222222222223,37.0,0.0,46.0,0.0,52.06666666666667,0.06222222222222223,12.311900000000001,0.0013478399999999724,3.142000000000001,1.9721522630525295e-31,46.0,0.0,-52.0,0.0,-52.0,0.0,47.0,0.0,40.0,0.0,33.13333333333333,0.11555555555555558,0.0,0.0,-23.0,0.0,20.733333333333334,0.5955555555555557,591.0666666666667,330.19555555555564,42.0,0.0,21.066666666666666,0.7288888888888888,599.1333333333333,336.64888888888885,47.46666666666667,3.8488888888888892,40.0,0.0,38.0,0.0,55.93333333333333,0.06222222222222226,24395.466666666667,5719.715555555555,24604.533333333333,17244.515555555554,24663.333333333332,35428.088888888895,24526.133333333335,15963.982222222226,24473.866666666665,19805.582222222223,0.0,0.0,1.0,1.0,1.0,1.0,1.0,1.0
2019-11-09 06:30:00+01:00,1561743007.0,0.0,391.6213333333333,1727.115064888889,350.905,361.4080249999998,77.9,0.0,76.4,0.0,0.0,0.0,1400.0,0.0,0.0,0.0,1.8133333333333332,0.004488888888888886,21.786666666666665,0.0044888888888888825,0.0,0.0,79.07263333333331,2.3222222221783973e-07,102.80199999999999,2.0194839173657902e-28,69.05633333333334,0.0002632222222222048,68.93366666666667,0.00735655555555546,68.975,0.030964999999998563,0.0,0.0,693871.2,16207.36,82055280.0,50266176.0,0.0,0.0,98705496.0,0.0,83.8,0.0,5.778333333333333,0.09811388888888901,5.131666666666667,1.0734472222222222,64.26666666666667,0.19555555555555554,4218.533333333334,13.582222222222223,16383996.0,0.0,16383996.0,0.0,1.0,1.0,1.0,1.0,13.466666666666667,0.2488888888888888,37.0,0.0,46.86666666666667,0.11555555555555559,52.46666666666667,0.24888888888888897,12.293900000000002,0.0009590399999999625,3.142000000000001,1.9721522630525295e-31,46.0,0.0,-52.0,0.0,-52.0,0.0,47.46666666666667,0.2488888888888889,40.266666666666666,0.1955555555555555,33.46666666666667,0.24888888888888897,0.0,0.0,-23.0,0.0,20.866666666666667,0.648888888888889,587.4,335.5733333333333,42.0,0.0,21.2,0.6933333333333334,596.2,454.96,47.06666666666667,3.662222222222222,40.0,0.0,38.0,0.0,56.0,0.0,24493.466666666667,27488.782222222224,24643.733333333334,22878.86222222222,24676.4,16903.04,24532.666666666668,21342.222222222223,24506.533333333333,22366.648888888885,0.0,0.0,1.0,1.0,1.0,1.0,1.0,1.0
2019-11-09 06:35:00+01:00,1561743007.0,0.0,417.799,1502.2251789999996,360.87133333333327,389.6042382222219,77.9,0.0,76.4,0.0,0.0,0.0,1400.0,0.0,0.0,0.0,0.9633333333333334,0.3109888888888889,22.566666666666666,0.262222222222222,0.0,0.0,79.07276666666667,1.7888888888551289e-07,102.802,0.0,68.9995,0.01855474999999963,68.82566666666668,0.13886788888889104,68.46966666666667,1.200626555555554,0.0,0.0,694372.5333333333,4892.515555555555,82058638.4,256227.84000000005,0.0,0.0,98705496.0,0.0,83.8,0.0,5.938000000000001,0.11793600000000022,4.337000000000001,0.5970509999999998,64.0,0.0,4214.666666666667,2.2222222222222214,16383996.0,0.0,16383996.0,0.0,1.0,1.0,1.0,1.0,13.133333333333333,0.11555555555555559,37.0,0.0,46.2,0.16000000000000006,51.333333333333336,0.7555555555555556,12.322700000000003,0.0013478399999999808,3.142000000000001,1.9721522630525295e-31,45.733333333333334,0.19555555555555554,-52.0,0.0,-52.13333333333333,0.11555555555555558,46.53333333333333,0.5155555555555555,40.266666666666666,0.1955555555555555,33.06666666666667,0.06222222222222226,0.0,0.0,-25.4,4.1066666666666665,19.6,1.84,548.5333333333333,1627.3155555555554,42.0,0.0,19.733333333333334,2.195555555555556,557.3333333333334,1785.422222222222,47.333333333333336,3.555555555555556,40.0,0.0,38.0,0.0,55.46666666666667,0.5155555555555555,24493.466666666667,18525.04888888889,24669.866666666665,19805.582222222216,24682.933333333334,13915.128888888887,24565.333333333332,17500.622222222224,24578.4,22025.173333333332,0.0,0.0,1.0,1.0,1.0,1.0,1.0,1.0
2019-11-09 06:40:00+01:00,1561743007.0,0.0,570.2584999999999,78258.63047275,352.70649999999995,586.8644827500005,77.9,0.0,76.355,0.0024750000000004226,0.0,0.0,1400.0,0.0,0.0,0.0,1.695,0.44347500000000006,21.95,0.33249999999999913,0.0,0.0,79.07299999999998,2.0194839173657902e-28,102.802,0.0,68.61,0.004069999999999854,68.08849999999998,0.05938274999999846,68.09216666666666,1.1760969722222223,0.0,0.0,695171.9333333333,388235.9955555556,82049926.4,116939952.64000003,0.0,0.0,98705496.0,0.0,83.8,0.0,9.061000000000002,23.948379000000003,5.715500000000001,0.19676475000000027,64.48333333333333,0.24972222222222218,4214.866666666667,2.715555555555556,16383996.0,0.0,16383996.0,0.0,1.0,1.0,1.0,1.0,13.0,0.0,37.0,0.0,45.333333333333336,0.22222222222222224,50.53333333333333,1.4488888888888891,12.319100000000002,0.0012441599999999816,3.142000000000001,1.9721522630525295e-31,45.0,0.0,-52.0,0.0,-52.93333333333333,0.06222222222222223,45.8,0.6933333333333332,40.0,0.0,33.0,0.0,0.0,0.0,-25.6,5.706666666666668,19.333333333333332,1.0222222222222221,547.0666666666667,878.7288888888887,42.0,0.0,19.933333333333334,1.2622222222222221,556.6,851.8399999999999,47.266666666666666,3.795555555555556,39.0,0.0,38.0,0.0,54.4,0.23999999999999996,24460.8,15110.293333333328,24604.533333333333,28769.31555555556,24578.4,16903.040000000005,24571.866666666665,32610.91555555556,24584.933333333334,24159.395555555555,0.0,0.0,1.0,1.0,1.0,1.0,1.0,1.0
2019-11-09 06:45:00+01:00,1561743007.0,0.0,882.6625,8797.703118749996,342.5545,3460.3407247500027,77.9,0.0,76.395,0.000475000000000081,0.0,0.0,1400.0,0.0,0.0,0.0,1.79,0.007900000000000006,21.79,0.0009000000000000256,0.0,0.0,79.07299999999998,2.0194839173657902e-28,102.80199999999999,2.0194839173657902e-28,68.74650000000001,0.0024527499999996063,68.7035,0.02146274999999984,68.844,0.5082840000000035,0.0,0.0,696141.2,40987.36,82055818.8,102363.36,0.0,0.0,98705496.0,0.0,83.8,0.0,14.5575,2.5531187499999994,5.158,2.507596,64.35,0.5275000000000001,4217.466666666666,0.2488888888888889,16383996.0,0.0,16383996.0,0.0,1.0,1.0,1.0,1.0,13.066666666666666,0.06222222222222224,37.0,0.0,46.0,0.0,52.0,0.0,12.297500000000003,0.0008553599999999678,3.142000000000001,1.9721522630525295e-31,45.8,0.16000000000000006,-52.0,0.0,-52.06666666666667,0.06222222222222226,47.0,0.0,40.0,0.0,33.06666666666667,0.06222222222222226,0.0,0.0,-23.0,0.0,20.2,0.16000000000000006,574.9333333333333,72.06222222222223,42.0,0.0,20.8,0.2933333333333334,585.9333333333333,88.19555555555559,47.13333333333333,3.8488888888888892,39.8,0.16000000000000006,38.0,0.0,56.0,0.0,24500.0,16646.933333333334,24578.4,25866.773333333334,24637.2,25354.559999999998,24513.066666666666,25439.92888888889,24486.933333333334,19037.262222222223,0.0,0.0,1.0,1.0,1.0,1.0,1.0,1.0
2019-11-09 06:50:00+01:00,1561743007.0,0.0,795.5099999999999,3071.8050999999964,443.7775,61102.64671875,77.9,0.0,76.4,0.0,0.0,0.0,1400.0,0.0,0.0,0.0,1.875,0.04687499999999999,21.683333333333334,0.0477222222222222,0.0,0.0,79.073,0.0,102.802,0.0,68.8285,0.005712750000000308,68.97649999999997,0.036702749999999756,69.54,0.1187400000000008,0.0,0.0,696834.3333333334,60769.22222222221,82052366.93333334,22735794.062222227,0.0,0.0,98705496.0,0.0,83.8,0.0,12.4605,0.012034749999999858,5.341500000000001,10.18201275,64.85,0.36083333333333345,4217.2,14.560000000000002,16383996.0,0.0,16383996.0,0.0,1.0,1.0,1.0,1.0,13.0,0.0,37.0,0.0,46.0,0.0,52.0,0.0,12.308300000000004,0.0003887999999999911,3.142000000000001,1.9721522630525295e-31,45.733333333333334,0.19555555555555554,-52.0,0.0,-52.2,0.16,47.0,0.0,40.0,0.0,33.0,0.0,0.0,0.0,-23.6,0.5066666666666667,20.4,0.64,579.3333333333334,478.62222222222226,42.0,0.0,20.733333333333334,0.7288888888888889,583.0,677.6,47.0,4.133333333333334,39.93333333333333,0.06222222222222223,38.0,0.0,55.666666666666664,0.22222222222222224,24402.0,3841.6,24611.066666666666,11354.062222222221,24702.533333333333,15963.982222222223,24500.0,34574.4,24643.733333333334,22878.862222222226,0.0,0.0,1.0,1.0,1.0,1.0,1.0,1.0
2019-11-09 06:55:00+01:00,1561743007.0,0.0,692.4314999999999,59244.70736274997,614.4564999999999,51288.63196275,77.9,0.0,76.4,0.0,0.0,0.0,1400.0,0.0,0.0,0.0,1.9483333333333333,0.002497222222222227,21.633333333333333,0.005888888888888812,0.0,0.0,79.07299999999998,2.0194839173657902e-28,102.802,0.0,68.89250000000001,0.004158749999999833,68.997,0.047180999999997975,68.875,0.3592349999999966,0.0,0.0,697411.3333333334,18411.288888888892,82053543.33333333,469749.9555555554,0.0,0.0,98705496.0,0.0,83.8,0.0,10.118000000000002,11.532975999999998,8.177999999999999,4.245695999999999,64.18333333333334,0.1497222222222222,4216.866666666667,3.248888888888889,16383996.0,0.0,16383996.0,0.0,1.0,1.0,1.0,1.0,13.333333333333334,0.22222222222222218,37.0,0.0,46.0,0.0,52.0,0.0,12.308300000000003,0.0015551999999999643,3.142000000000001,1.9721522630525295e-31,45.86666666666667,0.11555555555555559,-52.0,0.0,-52.13333333333333,0.11555555555555559,47.13333333333333,0.11555555555555558,40.06666666666667,0.06222222222222224,33.4,0.23999999999999996,0.0,0.0,-23.0,0.0,21.466666666666665,0.2488888888888889,605.0,80.66666666666667,42.0,0.0,21.933333333333334,0.19555555555555557,613.8,100.02666666666667,47.13333333333333,2.782222222222222,39.86666666666667,0.11555555555555559,38.0,0.0,55.93333333333333,0.06222222222222226,24460.8,15110.293333333333,24656.8,13829.760000000002,24748.266666666666,25439.928888888888,24604.533333333333,28769.31555555556,24506.533333333333,17244.515555555558,0.0,0.0,1.0,1.0,1.0,1.0,1.0,1.0
2019-11-09 07:00:00+01:00,1561743007.0,0.0,277.53849999999994,12852.96196275,237.44699999999997,8684.435851,77.9,0.0,76.37,0.002100000000000358,0.0,0.0,1400.0,0.0,0.0,0.0,1.7933333333333332,0.014288888888888887,21.866666666666667,0.021888888888888836,0.0,0.0,79.07265000000001,2.2749999999570662e-07,102.802,0.0,68.809,0.0025989999999997872,68.7565,0.01892274999999917,68.7745,0.3128647499999984,0.0,0.0,697751.5333333333,9532.315555555555,82047373.33333333,39078525.155555554,0.0,0.0,98705496.0,0.0,83.8,0.0,4.1705000000000005,3.2334347500000007,4.075,3.114475,64.0,0.0,4215.45,2.2475,16383996.0,0.0,16383996.0,0.0,1.0,1.0,1.0,1.0,13.466666666666667,0.2488888888888888,37.0,0.0,46.0,0.0,52.0,0.0,12.311900000000003,0.0009590399999999821,3.142000000000001,1.9721522630525295e-31,46.0,0.0,-52.0,0.0,-52.0,0.0,47.4,0.23999999999999996,40.2,0.16,33.46666666666667,0.24888888888888897,0.0,0.0,-23.0,0.0,22.066666666666666,0.5955555555555554,618.2,245.22666666666666,42.0,0.0,22.333333333333332,0.22222222222222218,630.6666666666666,204.35555555555555,47.2,4.159999999999999,40.0,0.0,38.0,0.0,56.0,0.0,24434.666666666668,8536.88888888889,24735.2,17671.359999999993,24630.666666666668,27744.888888888887,24558.8,17671.359999999997,24500.0,19208.0,0.0,0.0,1.0,1.0,1.0,1.0,1.0,1.0
2019-11-09 07:05:00+01:00,1561743007.0,0.0,574.8865000000001,379164.05347275,276.2975,51081.44461874999,77.9,0.0,76.4,0.0,0.0,0.0,1400.0,0.0,0.0,0.0,1.755,0.104475,21.845,0.1044749999999996,0.0,0.0,79.07215000000001,1.2749999999759381e-07,102.802,0.0,68.5995,0.0019147499999999488,68.318,0.0050760000000002825,68.12349999999999,0.032742750000000695,0.0,0.0,698125.0,9382.2,82050702.8,13032.16,0.0,0.0,98705496.0,0.0,83.8,0.0,9.1575,102.73046875,3.7419999999999995,7.973056,64.0,0.0,4217.266666666666,0.19555555555555554,16383996.0,0.0,16383996.0,0.0,1.0,1.0,1.0,1.0,13.866666666666667,0.11555555555555559,37.0,0.0,46.0,0.0,52.0,0.0,12.315500000000002,0.001114559999999982,3.142000000000001,1.9721522630525295e-31,46.0,0.0,-52.0,0.0,-52.06666666666667,0.06222222222222226,47.46666666666667,0.2488888888888889,40.2,0.16,33.93333333333333,0.06222222222222226,0.0,0.0,-23.533333333333335,0.5155555555555557,22.466666666666665,0.648888888888889,623.3333333333334,462.48888888888877,42.0,0.0,22.266666666666666,0.32888888888888906,627.0,371.06666666666666,47.0,3.7333333333333334,40.0,0.0,38.0,0.0,55.666666666666664,0.2222222222222223,24493.466666666667,24927.715555555555,24689.466666666667,18525.048888888894,24663.333333333332,18781.15555555556,24526.133333333335,19805.582222222223,24480.4,11780.906666666666,0.0,0.0,1.0,1.0,1.0,1.0,1.0,1.0
2019-11-09 07:10:00+01:00,1561743007.0,0.0,1171.186,109521.67262399997,562.096,915.6041439999983,77.9,0.0,76.4,0.0,0.0,0.0,1400.0,0.0,0.0,0.0,1.74,0.002400000000000004,21.86,0.0023999999999998974,0.0,0.0,79.07244999999999,2.4749999999532916e-07,102.80200000000002,2.0194839173657902e-28,68.6665,0.0035227499999994074,68.692,0.03762599999999946,69.0915,0.17092275000000073,0.0,0.0,698527.3333333334,64672.62222222223,82049769.6,13833832.106666667,0.0,0.0,98705496.0,0.0,83.8,0.0,18.784,32.54196399999999,7.5550000000000015,0.0022749999999999836,64.26666666666667,0.1955555555555555,4218.15,11.027500000000002,16383996.0,0.0,16383996.0,0.0,1.0,1.0,1.0,1.0,13.933333333333334,0.06222222222222223,37.0,0.0,46.86666666666667,0.11555555555555559,52.733333333333334,0.1955555555555555,12.301100000000002,0.001503359999999993,3.142000000000001,1.9721522630525295e-31,46.0,0.0,-52.0,0.0,-52.0,0.0,48.0,0.0,40.53333333333333,0.24888888888888897,33.93333333333333,0.06222222222222223,0.0,0.0,-23.0,0.0,22.533333333333335,0.5155555555555557,632.8666666666667,385.0488888888889,42.06666666666667,0.06222222222222226,22.6,0.5066666666666667,632.8666666666667,304.3822222222222,47.333333333333336,3.688888888888889,40.0,0.0,38.0,0.0,56.0,0.0,24565.333333333332,20061.68888888889,24611.066666666666,19037.26222222222,24676.4,24586.239999999998,24571.866666666665,30049.848888888893,24532.666666666668,20061.688888888883,0.0,0.0,1.0,1.0,1.0,1.0,1.0,1.0
2019-11-09 07:15:00+01:00,1561743007.0,0.0,504.1245,86699.41482475,375.95650000000006,38994.47372275001,77.9,0.0,76.4,0.0,0.0,0.0,1400.0,0.0,0.0,0.0,1.8116666666666668,0.016697222222222224,21.758333333333333,0.012097222222222042,0.0,0.0,79.07294999999999,4.7499999999103576e-08,102.802,0.0,68.789,0.0017590000000001131,68.94999999999999,0.008039999999999358,69.167,0.10482099999999984,0.0,0.0,699174.2666666667,19708.99555555555,82051642.53333333,45193.58222222223,0.0,0.0,98705496.0,0.0,83.8,0.0,7.653499999999999,20.922742749999998,5.446000000000001,7.759024000000001,64.0,0.0,4213.916666666667,3.743055555555556,16383996.0,0.0,16383996.0,0.0,1.0,1.0,1.0,1.0,13.933333333333334,0.06222222222222223,37.0,0.0,46.6,0.23999999999999996,52.333333333333336,0.2222222222222223,12.293900000000002,0.0009590399999999625,3.142000000000001,1.9721522630525295e-31,46.0,0.0,-52.0,0.0,-52.0,0.0,47.666666666666664,0.22222222222222224,40.4,0.23999999999999996,33.86666666666667,0.11555555555555558,0.0,0.0,-23.4,0.5066666666666668,22.0,0.4,616.7333333333333,249.52888888888896,42.2,0.16,22.266666666666666,0.32888888888888895,622.6,222.64,46.86666666666667,3.5822222222222226,40.0,0.0,38.0,0.0,56.0,0.0,24408.533333333333,4439.182222222222,24650.266666666666,24159.395555555566,24643.733333333334,34403.66222222222,24571.866666666665,18525.04888888889,24467.333333333332,18781.155555555557,0.0,0.0,1.0,1.0,1.0,1.0,1.0,1.0
2019-11-09 07:20:00+01:00,1561743007.0,0.0,320.47950000000003,87951.02973474999,300.4595,69614.32862475001,77.9,0.0,76.37,0.002100000000000358,0.0,0.0,1400.0,0.0,0.0,0.0,1.7883333333333333,0.0010305555555555576,21.841666666666665,0.0024305555555554524,0.0,0.0,79.07299999999998,2.0194839173657902e-28,102.80200000000002,2.0194839173657902e-28,68.9955,0.008184750000000324,69.346,0.031643999999998854,69.7135,0.1081627499999996,0.0,0.0,699467.3333333334,19358.488888888893,82048068.13333334,29853276.782222226,0.0,0.0,98705496.0,0.0,83.8,0.0,4.612,18.922175999999993,4.156000000000001,11.662924000000002,64.0,0.0,4214.35,3.8608333333333333,16383996.0,0.0,16383996.0,0.0,1.0,1.0,1.0,1.0,14.0,0.0,37.0,0.0,46.733333333333334,0.1955555555555555,52.8,0.16000000000000006,12.290300000000004,0.0006479999999999639,3.142000000000001,1.9721522630525295e-31,46.0,0.0,-52.0,0.0,-52.0,0.0,48.0,0.0,40.46666666666667,0.24888888888888897,34.0,0.0,0.0,0.0,-22.933333333333334,0.06222222222222224,22.333333333333332,0.6222222222222221,629.2,196.82666666666665,42.2,0.16,22.4,0.5066666666666666,638.0,209.73333333333332,47.4,3.7066666666666666,40.0,0.0,38.0,0.0,56.0,0.0,24486.933333333334,21598.328888888882,24591.466666666667,24927.715555555555,24558.8,22793.493333333332,24617.6,33549.973333333335,24486.933333333334,17756.728888888887,0.0,0.0,1.0,1.0,1.0,1.0,1.0,1.0
2019-11-09 07:25:00+01:00,1561743007.0,0.0,649.9715,10351.513012750002,593.5409999999999,8207.563819,77.9,0.0,76.4,0.0,0.0,0.0,1400.0,0.0,0.0,0.0,1.8033333333333332,0.0059888888888888865,21.766666666666666,0.007888888888888845,0.0,0.0,79.07244999999999,2.4749999999532916e-07,102.802,0.0,69.19283333333333,0.0015736388888889772,69.55783333333333,0.004256972222222458,69.5215,0.04992275000000003,0.0,0.0,699963.6,38057.439999999995,82050673.6,284208.64,0.0,0.0,98705496.0,0.0,83.8,0.0,9.5005,2.006754749999998,8.201,0.6887790000000001,64.95,0.047499999999999994,4215.15,0.4275,16383996.0,0.0,16383996.0,0.0,1.0,1.0,1.0,1.0,14.0,0.0,37.0,0.0,47.0,0.0,52.8,0.16000000000000006,12.2795,0.0018921599999999893,3.142000000000001,1.9721522630525295e-31,46.0,0.0,-52.0,0.0,-52.0,0.0,48.0,0.0,40.4,0.23999999999999996,34.0,0.0,0.0,0.0,-23.0,0.0,22.066666666666666,0.7288888888888888,620.4,335.57333333333344,42.2,0.16,22.466666666666665,0.648888888888889,631.4,222.64,46.86666666666667,3.9822222222222226,40.0,0.0,38.0,0.0,56.0,0.0,24454.266666666666,17756.72888888889,24643.733333333334,30562.06222222222,24663.333333333332,22622.755555555552,24558.8,22793.49333333333,24611.066666666666,19037.262222222223,0.0,0.0,1.0,1.0,1.0,1.0,1.0,1.0
